student_id,01006004,01006028,01006030,01006031,01006032,01076001,01076002,01076003,01076004,01076005,01076006,01076007,01076008,01076009,01076010,01076011,01076012,01076013,01076014,01076015,01076021,01076022,01076023,01076024,01076025,01076026,01076027,01076028,01076029,01076253,01076263,01076311,01076312,01076411,01076419,01076568,01076582,01076585,01076595,01076628,01076630,01076632
0197dc3d32f1d32bbff2a3bff89e69f9,,4,,,,,,,,,,,,,,,,,,,,,,,,,,,,,,,,,,,,,,,,
025f749d7a5d9b5c3f3d57b68e1de9e9,4,4,1,2,,2.5,2.5,1.5,1.5,0,1.5,1,2.5,2,1,1,1,2.5,3,3,2.5,1.5,3.5,,,,1,3,3.5,2,3,,,,3.5,,,,,,,
035bc610b0e8c567e8d4c72142469aea,,4,2.5,3.5,,3.5,3.5,2.5,2.5,2.5,3,2,3,3,3,,3,,,,,,,,,,,,,3,,,,,,,,,,,,
0377945288e314fd68cd6e3ec5408f10,4,4,4,4,,4,4,3.5,3.5,3,3.5,3,3,3,2.5,3,3.5,3,4,,,,,3,3,3.5,2.5,,3.5,3,3,,,,,3.5,,,,,,
045fa9534fcc8307eec6916543c76be2,,4,4,4,,4,4,3.5,4,,,,,,,,4,,,,,,,,,,,,,,,,,,,,,,,,,
04d36215b0591a364f935081891751d5,4,4,3,3,,3.5,3.5,2.5,3,2.5,3.5,3,4,3,3.5,3,4,3.5,4,,,,,3,4,3.5,3,,3.5,3.5,3.5,,,,,,,,,,,
0510747c36294fb786203492d17814ee,,4,3.5,,,3.5,4,3,3.5,,,,,,,,3,,,,,,,,,,,,,,,,,,,,,,,,,
054625c3eec9fa8141a0adb5b6667418,,4,1,1.5,,3,4,2.5,4,,,,,,,,3.5,,,,,,,,,,,,,,,,,,,,,,,,,
055da404267fbfbd78ea10bb8188bdb6,,4,2,3,,3.5,4,3.5,4,,,,,,,,3.5,,,,,,,,,,,,,,,,,,,,,,,,,
05ef913dfb9533df5a1e730cdbe944fc,,4,2.5,,,3,4,2,2.5,,,,,,,,4,,,,,,,,,,,,,,,,,,,,,,,,,
099bdb366e4afcacc27a98614b485b9c,4,4,3.5,3.5,,3.5,2.5,3.5,2.5,3,3,3,2.5,3,3,3,3.5,3.5,3.5,,,,,3,4,3,3,,3.5,4,3,,,,,4,,,,,,
09fa44c08869ab3d5d7f7fed4b511fea,4,4,3,3.5,,4,3,2,2.5,2.5,3,2.5,2.5,3.5,2.5,3,3,3.5,4,,3.5,4,,3,2.5,2.5,,,,4,3,,,,,4,,,,,,
0a079386e7934625831ece1087ae915f,4,4,2.5,2,,3.5,3.5,2.5,3.5,3,3.5,3,3,3,3,3,3.5,3,3.5,,,,,4,3,3,2.5,,2.5,3,3,,,,,,,,,,,
0b030ec5f54693f9dade76cd901e2730,,4,3.5,,,4,3.5,3.5,3.5,,,,,,,,4,,,,,,,,,,,,,,,,,,,,,,,,,
0b5eff7d707568591d3cfc749c527909,,4,1,,,3.5,2.5,3,3.5,3.5,2.5,1.5,,2.5,3.5,,3,,,,,,,,,,,,,3,,,,,,,,,,,,
0bc632777796379dbb9eec771228eed9,4,4,2,3,,3.5,2.5,3,3,2,4,2.5,2.5,3.5,2.5,3.5,3,3.5,3.5,,,,,3,3.5,2.5,2,,3,2.5,3,,,,,3,2.5,,,,,
0c619e8dd9d97160ed68403352056c0c,,4,1.5,2,,2.5,2,4,3,,,,,,,,2.5,,,,,,,,,,,,,,,,,,,,,,,,,
0c7f9db581ef4c8ea71f77b391f6e9ca,,4,4,4,,3.5,4,4,4,,,,,,,,4,,,,,,,,,,,,,,,,,,,,,,,,,
0e95fc94ba3c3062694da302e138aece,,4,1,2,,3.5,4,2.5,3.5,2.5,2.5,2,3.5,3.5,3,,4,,,,,,,,,,,,,2.5,,,,,,,,,,,,
0f6119a28800d31fbb88ceddb6554573,4,4,2.5,4,,2.5,1.5,2,2.5,1,2,2,3.5,3,3,3.5,3,3,4,,,,,3,3.5,,2.5,,3.5,3,3,,,,,,3.5,,,,,
0faeb665c628f8c3a41f327a57a8575c,4,4,2.5,3,,3.5,3,3,3.5,3.5,3,3,3,3.5,3,3.5,2.5,3.5,4,,,,,4,3.5,3,3,,3.5,2,3.5,,,,,4,,,,,,
10403f62fbc716505acb1994de5f9149,,4,4,4,,4,4,3,4,,,,,,,,4,,,,,,,,,,,,,,,,,,,,,,,,,
12c595c08dc79e40a9f4ccc3b3f31cd5,,4,1,,,3.5,4,3.5,3,,,,,,,,2.5,,,,,,,,,,,,,,,,,,,,,,,,,
13ee6260fd4da0a2df493b68b2ad1636,,4,2,2.5,,3.5,3.5,3.5,3.5,3,3.5,3,3,3.5,4,,3,,,,,,,,,,,,,3,,,,,,,,,,,,
15eef5c71ce09039ae9c104849bd3a47,4,4,2,3,,3.5,2.5,2.5,2.5,3,3,2.5,2.5,3.5,4,3,2,3,3.5,,,,,3,4,3.5,2.5,,3.5,3.5,3.5,,,,,,,,,,,
169ab1f517d5c777ae6d12e4631186b9,,4,3.5,2.5,,4,4,3.5,3.5,,,,,,,,3.5,,,,,,,,,,,,,,,,,,,,,,,,,
17fb49beefd37e72f8bed76a17fc7823,,4,2.5,,,3,4,3.5,4,,,,,,,,3,,,,,,,,,,,,,,,,,,,,,,,,,
18749404140d231e10b4da4a33759f57,,4,1.5,3,,4,4,3.5,3.5,3.5,3.5,3.5,3,3.5,3.5,,3.5,,,,,,,,,,,,,3,,,,4,,,,,,,,
187d604eb9ef0094f71bcc7e09f74d10,,4,3,2.5,,3.5,4,3.5,3,,,,,,,,4,,,,,,,,,,,,,,,,,,,,,,,,,
19465bcc89d7ec74fd64c8bf61c01502,,4,2,2.5,,3.5,3,4,3.5,2.5,3,2,4,3,3,,3.5,,,,,,,,,,,,,3.5,,,,,,,,,,,,
1a0ea8ea35647c764a513e8792ff4e1a,,4,2,,,2,4,2,2,,,,,,,,2.5,,,,,,,,,,,,,,,,,,,,,,,,,
1a24cc739834c6d152e0339d11e54379,,4,2.5,3,,3.5,4,3,4,4,4,4,4,4,3.5,,4,,,,,,,,,,,,,3.5,,,,,,,,,,,,
1a6a1eff8cab8cce04dcc3a4f0ebb1f1,4,3.5,2.5,2.5,,4,3,2.5,3,2.5,2.5,3,2.5,3,2,3,3.5,3,4,,,,,3.5,3,2,3,,4,2.5,3,,,,,,3.5,,,,,
1a8f7893d0bee04685e919f48d61898d,4,4,3,2,,3.5,2.5,2.5,2.5,4,2,1.5,2.5,3,2.5,2,2,3,3.5,,,,,2.5,2,,2.5,,3.5,2,3,,,,,3.5,,,,,,
1add9a89a0b1efe2d77f3cb5795846e6,4,4,3.5,3,,3.5,3.5,3,3,2.5,4,3,2.5,3,2.5,2.5,3.5,3.5,4,,,,,3,3,3,2,,3.5,4,2.5,,,,,3.5,,,,,,
1b63c16569784af26cb9ac255ece9ecb,4,4,4,3.5,,4,4,3.5,4,3,3.5,2.5,2.5,3.5,2.5,2.5,3.5,3.5,4,,3.5,4,4,,4,3.5,,,,3.5,3.5,,,,,3,,,,,,
1bbe11227f4cbd95198bf4da428ae7ac,,4,1,2,,3.5,4,3,3,,,,,,,,3,,,,,,,,,,,,,,,,,,,,,,,,,
1cfb46ccb905f5040506e571a9205ef1,,4,2.5,3,,3,4,3,3,2,3,2,2.5,3,2.5,,3,,,,,,,,,,,,,3.5,,,,,,,,,,,,
1e288fce0b96e3c2028f79cb33365db1,4,4,1.5,2,,3.5,2,2.5,3,2.5,3.5,2.5,3.5,3,2.5,3,2.5,3,3.5,,,,,3,3.5,3,2.5,,3.5,3,3.5,,,,,3.5,,,,,,
1e66fe46192fa7577a862e0be8c3b608,4,4,1.5,1.5,,4,3.5,2.5,2.5,3.5,2.5,3.5,2,2.5,2.5,3,3.5,3.5,4,,3.5,4,3,3,3.5,3,,,,3,3,,,,,,3.5,,,,,
1f32e20b9eea3a433b216b9d54b6ad05,,4,2.5,3,,3.5,4,4,3,,,,,,,,3.5,,,,,,,,,,,,,,,,,,,,,,,,,
1fc3782dbef44a2342f59ce3f1947b08,,4,3,2.5,,3.5,4,3,3.5,,,,,,,,3,,,,,,,,,,,,,,,,,,,,,,,,,
202b70d32ed8366dbc7a8e5f2768e7ad,,4,4,3.5,,,3.5,,2,,2,1.5,,3,2.5,,4,,,,,,,,,,,,,2.5,,,,,,,,,,,,
20900144add303f7f1bbdf484d6ec694,,4,3,2.5,,3,4,1.5,2.5,,,,,,,,3,,,,,,,,,,,,,,,,,,,,,,,,,
237d381c7bc9d67d76c480c96ae42d76,4,4,2,2,,4,3.5,2,4,4,3,3.5,3.5,4,3.5,4,3.5,3.5,3.5,,,,,4,3.5,3,2.5,,3.5,3.5,3,,,4,,,2.5,,,,4,
251f358142894ef7a54488a4f72f004c,,4,2,2.5,,3,4,2.5,3.5,,,,,,,,4,,,,,,,,,,,,,,,,,,,,,,,,,
25b2c1571fe0b94d7d366ab577bbe3af,4,4,2.5,2.5,,3,1.5,2.5,2,1,2.5,2,2,3,2.5,2,3,3,4,,,,,2.5,2.5,3,2,,3,3,3,,,,,3.5,,,,,,
2679d3e12704850b17638d717330916d,,4,2.5,3,,3.5,3.5,3.5,3,3,4,3.5,2.5,3,2,,3.5,,,,,,,,,,,,,3.5,,,,,,,,,,,,
28bf0440bbd0b973b6e61bd108e87844,,4,2.5,2,,3.5,3.5,3,3,4,2.5,1,2,2.5,2.5,,3.5,,,,,,,,,,,,,2.5,,,,,3,,,,,,,
291caa5aa6e1f85352caf2dd0a1ccc8c,,4,3,2,,3.5,3.5,4,4,,,,,,,,3.5,,,,,,,,,,,,,,,,,,,,,,,,,
2988e0206ed2729057977bc4a6dc482a,,4,2.5,2.5,,3.5,3.5,4,3,2,2.5,1.5,3,2,2.5,,4,,,,,,,,,,,,,2.5,,,,,,,,,,,,
2a408033cc779781e686fb63ed6b8ce2,,4,2,1.5,,3,1.5,2,2.5,3,2,1.5,,,1.5,,2,,,,,,,,,,,,,2,,,,,,,,,,,,
2a6e2a358897432c825961d1d09812d5,,4,2,2.5,,3.5,3.5,3.5,3.5,4,3.5,3,,3.5,3,,4,,,,,,,,,,,,,3,,,,,,,,,,,,
2a9b4422afc3a0dcb8d3411aed56de44,,4,2.5,2,,3,4,2.5,2.5,,,,,,,,3,,,,,,,,,,,,,,,,,,,,,,,,,
2b0a4a3bd8bd02a60bcd4db530acaafa,,4,2,1.5,,4,3.5,3,3.5,2,2.5,2.5,2.5,3.5,4,,3,,,,,,,,,,,,,3,,,,,,,,,,,,
2b25ba620f6313a62a0727fdae38d13e,4,4,2.5,1.5,,4,3,2.5,2.5,3,2.5,4,3,2.5,2.5,3.5,3.5,3.5,4,,,,,3.5,3,3.5,3.5,,3,2.5,3,,,,,,3,,,,,
2d761df8abbc1c7b87d01b168046a257,,4,2.5,2.5,,3,3.5,3,3,,,,,,,,3,,,,,,,,,,,,,,,,,,,,,,,,,
2e7e0095b094e9cfc0c349df4b43a6a1,,4,2,2,,3,4,3.5,2.5,,,,,,,,3,,,,,,,,,,,,,,,,,,,,,,,,,
2e7eebc6763bca8c560bbd23059b61ae,,4,4,3.5,,4,3.5,3,4,,,,,,,,4,,,,,,,,,,,,,,,,,,,,,,,,,
2eddaac1b87f243330b94652841eae9e,,4,3,3,,3.5,4,4,2.5,,,,,,,,4,,,,,,,,,,,,,,,,,,,,,,,,,
3034047c2a37f2e02ee9ad4b2c5ac6cf,,4,2.5,,,3,3,3,2.5,3,1.5,1,,2,3.5,,2.5,,,,,,,,,,,,,3.5,,,,,3,,,,,,,
305877a2c02fe1f9723cca73b1da182e,,4,2.5,3,,4,4,4,3.5,3,3,3.5,3,3,3,,3.5,,,,,,,,,,,,,3.5,,,,,,,,,,,,
308ca45d3f193da5bfe14610bcb377e0,,4,2,,,2.5,4,3,3.5,,,,,,,,3,,,,,,,,,,,,,,,,,,,,,,,,,
30bd9337f386d3f7ea2482f7bf18c27c,,4,2.5,,,3,4,3.5,4,,,,,,,,2.5,,,,,,,,,,,,,,,,,,,,,,,,,
3106307753e2ed8e6655854fecba163f,,4,1.5,,,3,4,3.5,3.5,,,,,,,,3,,,,,,,,,,,,,,,,,,,,,,,,,
3222738c96641a61b803bda66c0dbd31,,4,2,2,,3.5,2.5,2,3.5,4,1.5,0,,2,2,,2.5,,,,,,,,,,,,,2,,,,,,,,,,,,
34355a6391d7a8b963f2dd6b3ba039b9,,4,2.5,4,,3.5,3.5,3.5,3,3,3,3,2.5,3,3,,4,,,,,,,,,,,,,3,,,,,,,,,,,,
357d2fb309241d177441404ed5c89ae7,,4,3,3,,3.5,4,3.5,3.5,,,,,,,,3.5,,,,,,,,,,,,,,,,,,,,,,,,,
366daf789eee5297e6819c242ee151bf,,4,3,2,,2.5,2,2.5,2,,,,,,,,3,,,,,,,,,,,,,,,,,,,,,,,,,
36f5ed894e256f91d91f08029c217396,4,4,1,1.5,,3.5,2.5,2.5,3,1.5,2.5,2.5,3.5,3,3,2.5,1.5,3,4,,,,,2.5,3,3.5,2,,3,2,3.5,,,,,3,,,,,,
380c73a3ad676dac376d52e563996e08,,4,3.5,,,3,4,3,4,,,,,,,,3,,,,,,,,,,,,,,,,,,,,,,,,,
382d14cf503b70074a732a8ff329957d,,4,2,2,,3,2,1.5,1,3.5,2,1,,2.5,3,,2.5,,,,,,,,,,,,,3,,,,,,,,,,,,
3ac00e4c4710ac58f180405f45da8205,4,4,2.5,3,,3.5,3,2.5,3.5,3,3,3.5,4,3,2.5,3,3,3.5,3.5,,,,,3,3,3,3.5,,3.5,3.5,4,,,,,,3.5,,,,,
3b08f22862161220abd730603649188b,4,4,2.5,2.5,,3.5,4,2.5,3.5,3.5,3,3,3,4,3,3.5,3.5,3,4,,,,,3.5,3,3,3.5,,3.5,3,4,,,,,3,,,,,,
3b0c4aa8148ebd731a079340c4d2620c,,4,3.5,3.5,,4,4,3.5,4,,,,,,,,3,,,,,,,,,,,,,,,,,,,,,,,,,
3b387161d63eca3a4f643b339c2072a0,4,4,3,3.5,,4,4,2.5,4,3.5,3.5,3,3,3,3,3.5,3.5,3.5,4,,,,,3.5,3.5,3,3,,3.5,3.5,3,,,,,3,,,,,,
3b3ca12a9c6759d76ace3fd231d4865f,,4,1.5,2,,3.5,4,3.5,2.5,,,,,,,,3.5,,,,,,,,,,,,,,,,,,,,,,,,,
3de165b77ee053c2c52b5c86399b2df3,,4,3,4,,3.5,4,3,4,4,4,4,3,3,2.5,,4,,,,,,,,,,,,,3.5,,,,,,,,,,,,
3ea002eff20fd29a5783365d3da76072,,4,3,2,,3.5,3.5,3.5,3.5,4,3,2,3,1.5,2,,4,,,,,,,,,,,,,2.5,,,,,,,,,,,,
3f120fc93d08d7f0f6d765d29feda7b9,,4,2.5,2,,3,2.5,2.5,3,3.5,2.5,1.5,,3,3,,3,,,,,,,,,,,,,2.5,,,,,,,,,,,,
40a2c8bec615a2f42c428e44af7fbb88,,4,1,1.5,,3,2.5,2.5,2.5,,,,,,,,2.5,,,,,,,,,,,,,,,,,,,,,,,,,
417f9764d2c8ee0b13eaabbbee641a5e,,4,2.5,1,,3.5,3,2.5,2,3,0,0,2.5,,1.5,,2,,,,,,,,,,,,,2,,,,,,,,,,,,
423ad252b8e75658aadef91965d93b75,,4,2.5,2.5,,4,4,4,4,3.5,4,3,3.5,3,3,,3.5,,,,,,,,,,,,,3,,,,,4,,,,,,,
44ae02b1e659304d4c84bbbe9a0d2ed5,4,4,3,3,,3.5,3.5,2.5,3.5,3,3.5,2,2.5,3,2.5,3,4,3.5,3.5,,,,,3,4,3,2.5,,3.5,2.5,3,,,,,,3,,,,,
48c159db28a39eb366ac8ec31b975fb8,4,4,2.5,1.5,2.5,3.5,3,1,1.5,1.5,2,1,2,1.5,2.5,2.5,4,3,3,,2,2,1.5,2.5,1.5,2.5,,,,2.5,1.5,,,,,,,3,,,,
48ebddf349be8b2040b65be554ef9397,4,4,4,4,,3.5,3,4,4,4,4,4,3,3,3,4,4,3.5,3.5,,,,,3.5,3.5,3,4,,3,4,3,,,4,,,3.5,,,,4,
48f106423a47d3b98030a602f1af1252,,4,1.5,2,,3.5,2,2.5,3,2,2.5,2,2,2.5,2,,3,,,,,,,,,,,,,2,,,,,,,,,,,,
49fdfa3dbf8bb30d1ecd829a4ae6e67b,4,4,3,3,,4,3.5,4,4,4,3.5,4,4,4,4,4,3,3.5,4,,4,4,,3,4,3.5,,,,3,3.5,,,,,3.5,,,,,,
4a9946b063581e4d9b3c9c6a40aab851,,4,2.5,,,2.5,3.5,2,2,,,,,,,,2,,,,,,,,,,,,,,,,,,,,,,,,,
4cb6267aea1b6aca9184a9d0d4d391a1,,4,2,2,,3.5,4,2.5,2.5,,,,,,,,3,,,,,,,,,,,,,,,,,,,,,,,,,
4e2ea18ed9c76c7f332db21ec6d70300,4,4,1,,,3,1,1,1.5,2,2,2,2,3.5,2.5,2,1,3,4,,,3.5,4,,,,1.5,,3.5,2,3.5,,,,,,,,3,,,
4eafd1d24e305808fc8f035894cbe20e,,4,2.5,1.5,,3,3.5,3.5,3.5,,,,,,,,3.5,,,,,,,,,,,,,,,,,,,,,,,,,
5178ca022dc4fa36dbd8f695db3ca173,,4,3,3,,3.5,3.5,3,3.5,,,,,,,,4,,,,,,,,,,,,,,,,,,,,,,,,,
51c0ad6220d1cc767f4c2fb4cda2ac1c,4,4,3.5,3,,3.5,3.5,4,4,3.5,3,2.5,4,3.5,3,3,4,3.5,4,,3.5,3,3.5,,3.5,3,,,,3.5,3.5,,,,,3.5,4,,,,,
5203cb8b4815f3bef7296aadbcecadcf,4,4,1.5,1,,3.5,3.5,1.5,3,2,3.5,2,3.5,3.5,4,3,2,3,3.5,,,,,3.5,3,3,2.5,,3.5,3,3,,,,,,,,,,,
52a5ed08a47d50ed4a4cad3b7ac6d312,4,4,3,3.5,,4,4,4,3.5,3,3.5,3.5,3.5,3.5,3,4,4,3.5,4,,3.5,4,4,,3.5,4,,,,4,3,,,,,3.5,,,,,,
5330962f73bff7a1b2ae02723904908b,,4,2,3,,3.5,4,3.5,3.5,3.5,3,3.5,3,3.5,3.5,,3.5,,,,,,,,,,,,,4,,,,,,,,,,,,
53c8fa648165b8aeb98c303d24544f20,,4,2,2,,3,4,3,2.5,,,,,,,,2.5,,,,,,,,,,,,,,,,,,,,,,,,,
54267f89c4f16a691b2de2b31680d9d5,4,4,3,3.5,,4,3.5,2.5,3.5,3,3.5,4,3.5,3.5,3,3.5,3,3.5,4,,4,4,,3,4,4,,,,4,3.5,,,,,,,,,,,
5673557621d5391a67c44eb8d705a4c5,,4,3.5,4,,3.5,4,3.5,3.5,,,,,,,,4,,,,,,,,,,,,,,,,,,,,,,,,,
5678f28913bce5d81941ae40447ba926,,4,2.5,3,,4,4,3,4,3.5,2.5,4,3,3,2,,4,,,,,,,,,,,,,3,,,,,3.5,,,,,,,
571b8e43a3549dc85206848e541d4435,,4,3,3,,3,4,3,3.5,,,,,,,,3,,,,,,,,,,,,,,,,,,,,,,,,,
59898ae566c16e5db1d8d66677eb95e4,,4,2.5,2.5,,4,4,4,3,3,3,2.5,2.5,3,4,,2.5,,,,,,,,,,,,,3.5,,,,,,,,,,,,
5996b862cd16b050a699b36d3d25a8be,,4,1.5,,,3,4,3.5,4,,,,,,,,3.5,,,,,,,,,,,,,,,,,,,,,,,,,
59aa68b75b8e174a870038c7552a9b95,,4,2.5,,,3,4,3.5,4,,,,,,,,4,,,,,,,,,,,,,,,,,,,,,,,,,
5a4561f6fc4785fd77597858180f33f9,,4,1.5,2,,3,3,1.5,3,1,3,1.5,3,2,2,,3,,,,,,,,,,,,,2.5,,,,,,,,,,,,
5ab661d7ef687243b83f328acd2a8b81,4,4,2,2.5,,4,3.5,2.5,3,3.5,3.5,3,3.5,3.5,2.5,3.5,4,3.5,4,,,,,3,3.5,3.5,3,,2.5,3,3.5,,,,,3.5,,,,,,
5b6af9019f3314d91b94ebb885f2d15e,4,4,1,1.5,,3,1,2,1.5,3,1.5,1.5,,3.5,2,1.5,2.5,,3.5,,,2.5,3.5,,,,1.5,2.5,,2,3.5,,,,,3,,,3,,,
5cf3c5a082955002a6d90bc994ff6797,,4,3,,,3.5,4,3.5,3.5,,,,,,,,4,,,,,,,,,,,,,,,,,,,,,,,,,
5d7cc90975f373753c98d0f0ac074e81,,4,2,2,,3,2,3,3,,,,,,,,2.5,,,,,,,,,,,,,,,,,,,,,,,,,
5e1aafb617d6098bd61a38e5e811ef90,4,3.5,2,2,,3.5,3,2.5,3.5,4,2.5,3.5,4,4,2.5,3.5,2.5,3.5,4,,3,4,4,,3.5,3.5,,,,3.5,3.5,,,,,3,,,,,,
5eafa517124439cd6a95150f3d70bee9,,4,3.5,2.5,,4,4,3,4,,,,,,,,3.5,,,,,,,,,,,,,,,,,,,,,,,,,
5f7c32e0625da74363c4f254f9ddfcf6,4,4,2,2,,3.5,3.5,2,3,3,3,3.5,2.5,3,2.5,2.5,4,3.5,4,,,,,3,3,3,2,,3,2.5,3,,,,,,3,,,,,
6028cf8c1c4d75989fec96b6625bb78a,,4,3,2.5,,3.5,3.5,2.5,2.5,,,,,,,,2.5,,,,,,,,,,,,,,,,,,,,,,,,,
6047b057af09b08430701e17f9cdb5f8,,4,3,3.5,,3.5,4,3,4,4,3.5,3,3.5,3,2,,4,,,,,,,,,,,,,3.5,,,,,,,,,,,,
6092dd53d6ab75ecab66fb3e2abd9be0,,4,2.5,3,,3,2,3.5,3.5,3,2.5,1.5,,2.5,3.5,,3,,,,,,,,,,,,,2.5,,,,,,,,,,,,
62e8d75c6304ac7ff15380691b6f9fa8,,4,3.5,3,,3.5,4,4,3,3.5,4,4,2.5,3.5,4,,4,,,,,,,,,,,,,4,,,,,,,,,,,,
63ff5b2e627f0162eb706e16098a6001,4,4,3.5,3,3.5,3.5,3,3,1,2,3,2,1.5,2.5,1,1.5,1,2.5,3,3,,,2,2,2.5,3.5,,3,,2.5,2.5,3.5,3.5,,,3,2.5,,,,,
6406287a54cbb4ce2ee8ef2cf1fd3b8d,,4,1,,,3,3,3,4,,,,,,,,4,,,,,,,,,,,,,,,,,,,,,,,,,
6416df43f0fd440d56609c311947d99a,,4,2,2,,3,4,3,2,,,,,,,,3,,,,,,,,,,,,,,,,,,,,,,,,,
649474bf27537c714673c1a343191065,,4,2.5,,,3,3.5,4,2.5,,,,,,,,4,,,,,,,,,,,,,,,,,,,,,,,,,
65365996c5164fe1983a09e6fef3687e,4,4,2,2,,3,1,2,2,2.5,3.5,3,3,3.5,2.5,3,2,3,4,,,,,3,3.5,3,2,,3.5,3.5,3.5,,,,,4,,,,,,
67c1b7fe74e5e5d10da021a1bf54930d,,4,2,3,,3.5,4,3.5,3.5,2.5,2.5,2,3,3,3,,3.5,,,,,,,,,,,,,4,,,,,3.5,,,,,,,
687e0621604c176d333d14f48fb9e471,,4,2.5,2,,3.5,4,3,3.5,,,,,,,,3,,,,,,,,,,,,,,,,,,,,,,,,,
69298be2c43b755c7ab6fb52ce7e3375,,4,1,,,2.5,4,2.5,2.5,,,,,,,,3,,,,,,,,,,,,,,,,,,,,,,,,,
6a5d739017bfbb79ece4ee73d951be2e,,4,3,3,,3,4,4,4,,,,,,,,3.5,,,,,,,,,,,,,,,,,,,,,,,,,
6baece4120e979974b4bc831c2e46e3a,4,4,3,2.5,,3.5,2.5,2,2.5,3.5,2.5,1.5,2.5,2.5,2.5,2.5,2.5,3.5,3,,,2.5,2.5,,,,,,,2,2.5,,,,3,,,,,,,
6be8fa3029a66493c1811d24419c328f,,4,1.5,1.5,,2.5,4,3,2.5,,,,,,,,2.5,,,,,,,,,,,,,,,,,,,,,,,,,
6cb87ebe6cfaf4698394a61f17ca1ce5,4,4,2.5,1.5,,3,3.5,2.5,3,2,3,2,3,3,2.5,2,2.5,3,3,,,,,3,,3,2,2.5,2.5,2.5,3,,,,,,3,,,,,
6d63e88eb7da86996bfbd660414a9521,,4,1.5,,,4,4,3.5,4,3.5,3,2,3,4,3,,3.5,,,,,,,,,,,,,3,,,,,4,,,,,,,
6da31404d5d866612a7de3cfbf8f0519,,4,4,3,,4,4,3,3.5,,,,,,,,3.5,,,,,,,,,,,,,,,,,,,,,,,,,
6dcf0130473ac091c18bd6383454b68e,4,4,2.5,2.5,,3.5,3.5,2.5,3.5,3.5,4,3.5,3.5,4,4,3.5,4,3,4,,,,,3.5,3,3,3.5,,3.5,3,3,,,,,,3,,,,,
6eafffa8466dda31e4a7fac0f3b5c126,,4,3,2.5,,4,4,3,3.5,,,,,,,,2.5,,,,,,,,,,,,,,,,,,,,,,,,,
6f3da1068c00358c8ec72513300dba8f,4,4,2,2.5,,3,1.5,1.5,1.5,1.5,2,1.5,2,3,2.5,2,1.5,3,3.5,,,,,,,,1.5,,3.5,2.5,2,,,,,,,,,,,
6f3fdbd851f6acad4dffae34b4ae292f,,4,1.5,2,,2.5,4,3.5,4,,,,,,,,3.5,,,,,,,,,,,,,,,,,,,,,,,,,
730415a43e317949c813533acbe66a7d,,4,4,4,,3,3.5,4,3.5,,,,,,,,3.5,,,,,,,,,,,,,,,,,,,,,,,,,
732d85012d4d210e0b85b353c494326d,4,4,2,1.5,,3.5,3,2.5,2.5,2.5,2.5,2.5,3,4,3,3.5,3,3.5,4,,3.5,3.5,3,,3,4,,,,3.5,3,,,,,3.5,,,,,,
7595e5a4b8f8e3029f9b2a3b2f6cda80,,4,3,,,3.5,3.5,1,2.5,,,,,,,,4,,,,,,,,,,,,,,,,,,,,,,,,,
76c6148725514cd27bf2d7c3ff5f0514,,4,2.5,2.5,,3.5,3,3,4,2.5,2.5,2,3,2,3,,3.5,,,,,,,,,,,,,3,,,,4,,,,,,,,
785716c99f6761ef78700c727a28642f,4,4,2.5,1.5,,3,3.5,2.5,3.5,2.5,3,2,2,3,2.5,4,3,3,4,,2.5,4,2.5,,3.5,3.5,,,,3,2.5,,,,,3,,,,,,
78fee4606c034f47f85e9e1a827e4fca,4,4,3.5,4,,4,4,3.5,4,4,4,4,3.5,4,4,4,4,4,4,,,,,4,4,3.5,4,,3.5,2.5,3.5,,,,,,3,,,,,
7ab5a0225773db0f2d9b28c1e09be6a4,,4,4,3,,4,3.5,3.5,3,,,,,,,,3.5,,,,,,,,,,,,,,,,,,,,,,,,,
7ca7bb8a824e37c1a78a3dfc3551b137,,4,2,2.5,,3,2.5,3.5,3,4,3,2.5,,3,3.5,,3,,,,,,,,,,,,,3,,,,,3.5,,,,,,,
7d52033d2dd37502c500d662a47a1644,4,4,2,3.5,,4,3.5,3.5,4,3.5,4,3.5,4,4,3,4,3,3.5,4,,,,,4,3.5,4,3.5,,3.5,3,3.5,,,,,,3,,,,,
7dc7bc4ed5e70a266c86640ad15ff515,4,4,2,2.5,,3,2.5,2.5,3.5,2.5,3,3.5,3.5,3.5,2.5,2.5,2,3,3.5,,,,,3,4,3,2.5,,3.5,3.5,3,,,,,4,,,,,,
7de98dc28cd3ada0b42f4e12a4148be7,,4,2,2.5,,3.5,3.5,2.5,2,4,2.5,0,,2,2.5,,2.5,,,,,,,,,,,,,3,,,,,,,,,,,,
7e98b701188cca9b9900a18ff28c7c13,4,4,1.5,1,,3.5,3.5,2,3.5,2.5,2.5,1.5,2,3,2.5,2,2.5,3.5,4,,,,,3,3,3.5,3,,3.5,2,3.5,,,,,,3,,,,,
7ea082bb53b216a7c18fda30afa3fd69,,4,4,4,,4,4,3,4,,,,,,,,3.5,,,,,,,,,,,,,,,,,,,,,,,,,
7ede4bbae6961d99626fc7d9609e0a94,,4,2,,,2.5,2,1,1.5,3,1.5,0,,2,2.5,,2,,,,,,,,,,,,,2,,,,,,,,,,,,
8015c6ea4266753ba502a8c70c210a05,4,3.5,1,2.5,,3.5,3,1.5,2.5,1.5,2,1,2,2.5,2.5,2,1.5,3,4,,2.5,2.5,3,,3,3,,,,2,3,,,,,3,,,,,,
8112b7c1bb355b8dfa224415c9622459,,4,3,3,,3.5,4,3.5,4,3.5,4,3,3,3,3,,4,,,,,,,,,,,,,3,,,,,3.5,,,,,,,
81391e299618f6f262d616eff8a19b24,,4,2,2,,2.5,0,3,3.5,,,,,,,,2.5,,,,,,,,,,,,,,,,,,,,,,,,,
82cd9ed8c60415d56413c6d346708bb9,,3.5,4,3,,4,4,3,4,,,,,,,,4,,,,,,,,,,,,,,,,,,,,,,,,,
83708a62eaa9b0f765412e4ba6226e6f,,3.5,1,,,3,4,3,4,,,,,,,,2,,,,,,,,,,,,,,,,,,,,,,,,,
839f9b47419d9b8f442514d1da429e34,4,4,1.5,3,,3.5,3,1.5,3,2.5,2.5,2,3.5,3.5,3.5,3,2.5,3,4,,,,,3,4,3.5,3,,3.5,4,4,,,,,3.5,,,,,,
8430847a62f6adbb9d8ff12dff81fc1b,,4,3,3,,4,4,4,3.5,,,,,,,,3.5,,,,,,,,,,,,,,,,,,,,,,,,,
846f22c57d63b8de2f26ae4289df1556,,4,2.5,2.5,,2.5,4,4,4,,,,,,,,3.5,,,,,,,,,,,,,,,,,,,,,,,,,
86f8cc55c74384eb90c3a1f662799125,,4,2,2,,3,3.5,2.5,3,4,2,1,,2.5,3,,3.5,,,,,,,,,,,,,2,,,,,,,,,,,,
8a9fab90166fe2198b5ded753ce050ce,,4,2.5,3,,4,4,3.5,3.5,,,,,,,,4,,,,,,,,,,,,,,,,,,,,,,,,,
8be2eb3e6595a5812987515a4b4494e5,,4,1,,,2.5,3.5,3.5,3.5,,,,,,,,2,,,,,,,,,,,,,,,,,,,,,,,,,
8bfacaec30e65c156d8de5e7a2bfa49d,,4,2.5,,,3,4,2.5,2.5,,,,,,,,2,,,,,,,,,,,,,,,,,,,,,,,,,
8c6b91afcfc43a5e0f31578ae0217b28,,4,1.5,,,3.5,2.5,2.5,3,3.5,2,1.5,,2,2.5,,2.5,,,,,,,,,,,,,2,,,,,,,,,,,,
8c785e6ffa48e4e9d2f724e4cc422fd6,,4,3,3.5,,4,4,4,4,4,4,4,4,4,4,,3.5,,,,,,,,,,,,,4,,,,,4,,,,,,,
8cb007d7d638fb515cdf4df1c0f7d503,,4,3,2.5,,3.5,4,4,3.5,,,,,,,,4,,,,,,,,,,,,,,,,,,,,,,,,,
8cb4b2e4a2ce488373f58273d3b16259,,4,2,1.5,,3,4,3,2.5,,,,,,,,3.5,,,,,,,,,,,,,,,,,,,,,,,,,
90028eca4a4dc0ae8e32722fa10c8872,,4,4,4,,3.5,4,4,3,,,,,,,,3.5,,,,,,,,,,,,,,,,,,,,,,,,,
900d10a86b1319131cbd7fb70fd0ed3f,,4,1,1,,3,1,1.5,1.5,3,2,1.5,2,2,2,2,2,3.5,3,,,,,3,2.5,3.5,,,,2,2.5,,,,,,,,,,,
9029628463c3876a1718bd3b0ca092c5,,4,2.5,3.5,,4,4,4,3.5,3,4,2.5,3.5,3,3.5,,4,,,,,,,,,,,,,3,,,,,,,,,,,,
91a73613ea157d569c8150749a1eb52c,,4,2,3,,3.5,4,3.5,3.5,3,3,2.5,2.5,4,3,,3.5,,,,,,,,,,,,,3,,,,,,,,,,,,
9228dde55a3aec47c9613a1d03e93019,,4,3,3.5,,3.5,3.5,3.5,4,2.5,2.5,3,3,3.5,2.5,,3.5,,,,,,,,,,,,,3,,,,,,,,,,,,
92662de19b75270b538c294a148f497d,,4,4,4,,4,4,3.5,4,,,,,,,,4,,,,,,,,,,,,,,,,,,,,,,,,,
92f06b46ba6f5491e809b510da0ca438,,4,4,4,,4,4,3,4,,,,,,,,4,,,,,,,,,,,,,,,,,,,,,,,,,
9498ecdd2f70f2c53744f42d56a2bbd1,,4,1,,,3,4,3.5,3.5,,,,,,,,3,,,,,,,,,,,,,,,,,,,,,,,,,
9539e9a9c10a6488df83df7985eacf37,4,4,4,3.5,,3.5,2.5,2.5,3,3,3.5,3.5,4,3.5,3.5,3.5,3,3.5,4,,,,,3,3,3,3,,3,3.5,3,,,,,3.5,,,,,,
96f450b7a7ce44af21e45902f5b5d082,,4,3.5,3.5,,4,4,3.5,4,,,,,,,,3.5,,,,,,,,,,,,,,,,,,,,,,,,,
976675c5f2af9ba188393e1cb4bedce4,,4,2.5,,,2.5,3.5,3.5,2.5,,,,,,,,2,,,,,,,,,,,,,,,,,,,,,,,,,
978d8a1c85487b97bcaa9fee3ff9ae16,,4,3.5,3.5,,4,4,4,4,,,,,,,,4,,,,,,,,,,,,,,,,,,,,,,,,,
983c2f53568afa2a5274f84504901b31,,2.5,2.5,1,,3.5,2,2,2,4,1.5,2,2,2,2,1,4,3,3,,,,,2.5,2.5,1,,,,2,3,,,,,,,,,,,
99bab13742890f989014d36e97d5da7a,,4,2,2.5,,4,3.5,3,3.5,2,3,3.5,2.5,4,3.5,,3.5,,,,,,,,,,,,,3,,,,4,,,,,,,,
9a004b052f6807d599cf8190b093d659,,4,1.5,,,3,4,3,3,,,,,,,,3.5,,,,,,,,,,,,,,,,,,,,,,,,,
9a584c9433b0dce2524bdb540664c925,4,4,3,3,,3.5,3,2.5,3.5,2.5,4,3,2.5,3.5,3,3.5,3.5,3.5,4,,,,,3,4,3,2,,3.5,3.5,3.5,,,,,3,,,,,,
9ab26a801b096a0b94af970334354120,,4,2.5,3,,3,4,3,3,,,,,,,,3.5,,,,,,,,,,,,,,,,,,,,,,,,,
9b7b39ef3ee6f34e9504a3429732aee6,,4,3,2,,3.5,3.5,3,2.5,,,,,,,,3.5,,,,,,,,,,,,,,,,,,,,,,,,,
9bc2df5d3ea85fd57c3e71531876acbd,,4,4,3.5,,3.5,4,3,4,,,,,,,,4,,,,,,,,,,,,,,,,,,,,,,,,,
9dbfb527a09cee39ea0fb4c28e8cd1aa,,4,2.5,,,3.5,4,3.5,3,,,,,,,,3.5,,,,,,,,,,,,,,,,,,,,,,,,,
9df143495f303d92b1eb424ff91beaa3,4,4,2,1.5,,3,2,1.5,2.5,2,2,2.5,3,3.5,2.5,3,1.5,3.5,3.5,,,,,3,3.5,2.5,2,,3.5,3,3,,,,,4,,,,,,
9e01dc03c3bea87e5c3cc8ead3dddab1,,4,3,3.5,,4,4,3,3.5,3.5,4,3,2.5,2.5,3,,3.5,,,,,,,,,,,,,4,,,,,,,,,,,,
9e75a783d80d3c390004cefa1116037f,,4,3,2,,3.5,4,3.5,2.5,,,,,,,,3.5,,,,,,,,,,,,,,,,,,,,,,,,,
9e846179415ed063260782278b41a561,,4,3,3,,3.5,3.5,3,3.5,,,,,,,,3.5,,,,,,,,,,,,,,,,,,,,,,,,,
9ea8f3ad4ddcaf8165772b41e1e01b37,,4,3.5,3.5,,4,4,3.5,4,,,,,,,,4,,,,,,,,,,,,,,,,,,,,,,,,,
a00b4a2d58030dede1e0020f47521ae6,4,4,2,3.5,,3.5,2.5,2.5,2.5,2.5,3.5,3.5,3,3.5,3.5,2.5,3,3,3.5,,,,,2.5,2.5,2,2.5,,3.5,2.5,2.5,,,,,3.5,2.5,,,,,
a09936950824b10aafbf4828a62bb92e,4,4,3,3.5,,4,3.5,3,3.5,3.5,2.5,3,4,4,4,4,3.5,3.5,4,,4,4,,3.5,4,3.5,,,,4,4,,,,,,,,,,,
a208cc29835c203e85bd2e42897b654f,4,4,3.5,3,,3,3.5,2.5,3,3,3,3.5,3.5,4,3,3,3.5,3.5,4,,,,,3,3.5,3.5,2.5,,3,3,3.5,,,,,,,,,,,
a3354b5d4c2f5e74278401bd18f03793,,4,2.5,,,3,4,3.5,2,,,,,,,,2.5,,,,,,,,,,,,,,,,,,,,,,,,,
a3c2f9c6bc925965b966aee89fe8ec45,,4,4,3,,3.5,4,4,4,,,,,,,,4,,,,,,,,,,,,,,,,,,,,,,,,,
a443da06c78ebd5295231a92fc1f0d63,,4,3,3.5,,3.5,4,2,2,,,,,,,,3.5,,,,,,,,,,,,,,,,,,,,,,,,,
a45a47c6f25c07e0673cfbc45776cc54,,4,2.5,,,3,4,3.5,4,,,,,,,,4,,,,,,,,,,,,,,,,,,,,,,,,,
a4fd048ef78e23677701e62aa5054c12,4,4,4,3,,4,3,4,3.5,4,3,4,3,3,3.5,3.5,3.5,3.5,4,,,,,3,3.5,3.5,3,,3.5,4,3,,,,,,,,,,4,
a6925b9d8f0bb71cde26d3df31a3d574,4,4,3,2.5,,3.5,3.5,3.5,4,4,3.5,3.5,2.5,3.5,2.5,3,3.5,4,4,,4,4,3.5,3,3.5,3,,,,3,4,,,,,,3.5,,,,,
a7903c58c0f1b8a03389a6c8f18eb71e,,4,4,4,,4,4,4,4,4,4,4,3.5,4,3.5,,4,,,,,,,,,,,,,4,,,,,,,,,,,,
a8f4b61219d0fb72854fc0d6215d40ef,,4,1,,,3.5,1.5,2,2.5,1,2,1,2.5,3.5,3.5,,3.5,,,,,,,,,,,,,3.5,,,,,3.5,,,,,,,
a9e1e790e224d234da6aecbf61d496ef,,4,4,3,,4,4,3.5,3,,,,,,,,4,,,,,,,,,,,,,,,,,,,,,,,,,
a9e822f6b0963e4d0c36ded50bf6d694,,4,2.5,3,,4,4,4,4,4,4,4,3.5,4,3.5,,4,,,,,,,,,,,,,3.5,,,,4,,,,,,,,
ab7d05322b8cc5e92cec5386083f277e,,4,3,3,,3.5,4,3,3,,,,,,,,3.5,,,,,,,,,,,,,,,,,,,,,,,,,
ac068230e1755ffd38e2c7f8ccc05c3a,4,4,3,2,,4,3.5,4,3,4,2.5,3.5,3,3.5,2.5,3,4,3,3.5,,,,,3,2,1,2.5,,3,3.5,3,,,4,,,2.5,,,,4,
ac8c72231660e5212eb6bfbe76eb3d9d,,4,3,3,,4,4,3.5,4,2.5,4,3,3,4,3.5,,4,,,,,,,,,,,,,3,,,,,,,,,,,,
ac8f3034b4a7e1da70ba951129337a1f,,4,2,,,2.5,3.5,,,,,,,,,,,,,,,,,,,,,,,,,,,,,,,,,,,
ad9871a9b21fb976bd5ba694ca40815d,4,4,2,2,,3.5,3.5,3,3,3,3.5,3.5,3,3,3.5,2.5,4,3.5,3.5,,,,,3,2.5,,3,,3,2.5,3,,,,,,3,,,,,
ae316bd43de453e212f4a337cec4e487,,4,2.5,,,2.5,4,2.5,4,,,,,,,,4,,,,,,,,,,,,,,,,,,,,,,,,,
ae6d8c2a075cbe361a7431a6fa1a7929,,4,4,4,,4,4,4,3,3.5,3,3,3,4,3,,3.5,,,,,,,,,,,,,4,,,,,,,,,,,,
aed2c6e8cf9f75f6d8bf75d90f762893,,4,1.5,2.5,,3,2,2.5,2.5,2.5,2,2.5,3,3,3.5,,3,,,,,,,,,,,,,3.5,,,,,,,,,,,,
aeeaef38046f7bcbefe837ed09c03ede,,4,4,3.5,,4,4,4,3.5,,,,,,,,3.5,,,,,,,,,,,,,,,,,,,,,,,,,
affa8b4655d8660c0ced9282dcf844ea,,4,3.5,3.5,,3.5,3.5,4,3.5,3,3,3.5,2.5,3.5,2,,3.5,,,,,,,,,,,,,3.5,,,,,,,,,,,,
b0e11e6bb897864ee8bba910763ae792,4,4,2.5,2,,3.5,4,2.5,2.5,3.5,3,2.5,2.5,3.5,2.5,4,2,3.5,4,,,,,4,3,,3,,3.5,2.5,3,,,,,,3,,,,,
b2f9ead4e18cf8f8cc5ff5d0e5632425,,4,2,2.5,,4,4,4,3.5,3,3,2.5,3.5,3.5,3,,4,,,,,,,,,,,,,3,,,,,,,,,,,,
b397ee36a824f18628ffea57a8e94a16,,4,1,,,3,2.5,2.5,2.5,,,,,,,,2,,,,,,,,,,,,,,,,,,,,,,,,,
b3d9e30c6b23895b1ba62a38a0a80b54,,4,4,4,,4,4,4,4,4,4,3.5,4,3.5,3.5,,4,,,,,,,,,,,,,3.5,,,,4,,,,,,,,
b3dadc65d877865fa11eb409cd75dde2,,4,2,,,2.5,4,4,3.5,,,,,,,,3,,,,,,,,,,,,,,,,,,,,,,,,,
b4b0469b4c9ef13f0a1ec592046fa790,,4,2.5,2,,3,4,3.5,2.5,,,,,,,,2.5,,,,,,,,,,,,,,,,,,,,,,,,,
b7d3cca56e19f9c5355b8aa2e9db2834,,4,1,,,3.5,4,3,2.5,,,,,,,,3,,,,,,,,,,,,,,,,,,,,,,,,,
b7da485f490db705e21b25a09259df92,4,4,3,2.5,,3.5,2,2,3,2,2,3.5,3.5,3,4,2.5,2,3.5,4,,,,,3,3,4,2.5,,3.5,3,3.5,,,,,3,,,,,,
b81a3560b9e438fcdf10ebb898f7dd29,,4,2.5,3,,3,2.5,3,3,2,3,2.5,2.5,2.5,3.5,,3,,,,,,,,,,,,,3.5,,,,,,,,,,,,
b86913643857424829caee1baf8651ad,,4,3,2,,3,1.5,2.5,2.5,2.5,1,0,,2,2.5,,3,,,,,,,,,,,,,2.5,,,,,,,,,,,,
b96a9bebe76bdf5af04793142705244c,,4,4,3,,3.5,4,3.5,4,,,,,,,,4,,,,,,,,,,,,,,,,,,,,,,,,,
bab11889a91f3e8733578a24d12c8ac5,,4,2.5,2.5,,3.5,4,2.5,4,,,,,,,,3,,,,,,,,,,,,,,,,,,,,,,,,,
baff77322e8d4ea2303e06f52bfc9ae6,,4,2,2.5,,3,3.5,3,3,,,,,,,,3,,,,,,,,,,,,,,,,,,,,,,,,,
bb4a8f2123ed3651b39f62abbb1e391b,,4,2,3,,3.5,3.5,3,2.5,2.5,3.5,3,3.5,3.5,3.5,,4,,,,,,,,,,,,,4,,,,,,,,,,,,
bb4e051171993c63c9e0717260052615,4,4,3,2.5,,3.5,3,2.5,3,1.5,3,3,2.5,3,2.5,3,1.5,3,4,,,,,3,3.5,3.5,2.5,,2.5,2.5,3.5,,,,,3,2,,,,,
bf6bbfaadce41f815a56af7b7ce0ac7d,,4,4,3.5,,3,3.5,3.5,2,,,,,,,,3,,,,,,,,,,,,,,,,,,,,,,,,,
c14fc4795cd9c8ae6790f8c86bc67954,,4,2.5,3,,3.5,4,2.5,2.5,,,,,,,,2.5,,,,,,,,,,,,,,,,,,,,,,,,,
c220d51d6aeac36a0bb5417826291471,,4,3.5,3.5,,3.5,4,3.5,3,,,,,,,,4,,,,,,,,,,,,,,,,,,,,,,,,,
c358f9dbbd365e329d6e17a97510b414,,4,1.5,2.5,,3.5,4,2.5,4,3,3.5,3,3.5,3.5,4,,3.5,,,,,,,,,,,,,2.5,,,,,,,,,,,,
c54366dd8957cabf70e7214a75415a24,4,4,2,2,,3.5,3.5,2.5,3,3,3,2.5,3,3,3,2.5,3.5,3.5,4,,,,,4,3,,4,,3.5,2.5,3.5,,,,,,,,,,4,
c657b98c0d680670c810f25cb85f8d66,4,4,2,1.5,,3,2,2,2.5,1,3.5,2.5,4,3,3.5,3,2.5,3.5,3.5,,,,,3.5,3.5,3,2,,3.5,4,3,,,,,4,,,,,,
c6b58b3449df683f76b89afa32502b45,,4,2.5,,,2.5,4,3,2.5,,,,,,,,3,,,,,,,,,,,,,,,,,,,,,,,,,
c70a5b7adb262dfda5554acd5683850c,,4,2,2.5,,4,4,3,4,3.5,4,3.5,3.5,3,4,,3.5,,,,,,,,,,,,,2.5,,,,,,,,,,,,
c7605751af1a39f5d7e35159038b5211,4,4,2,2,,4,3,4,3.5,4,4,4,2.5,4,3,4,3,4,3.5,,,4,4,,3.5,3,4,,3,2.5,3,,,,,,3,,,,4,
c8375e0865d0ee73f006b80bf0235113,,4,3,2.5,,3.5,4,3.5,3,,,,,,,,4,,,,,,,,,,,,,,,,,,,,,,,,,
c8a67d514a86e641f8abce6a7cdb1cb5,4,4,2.5,2,,3.5,3,2.5,4,2,4,3.5,3,3.5,2.5,4,4,3,4,,4,4,3.5,,4,3,,,,3.5,3,,,,,3,3,,,,,
c8f57f9332f69323ef068c7da26328aa,,4,2.5,2,,3.5,4,3,3,,,,,,,,3,,,,,,,,,,,,,,,,,,,,,,,,,
ca3f4c29b0e67ae22b8e94c182a6f629,,4,2,2,,3,3.5,3.5,3,3,2.5,2,,3,2.5,,3.5,,,,,,,,,,,,,2,,,,,,,,,,,,
ca5aad28e8ab8415bebae9c5ee531ea4,,4,3,1.5,,3,3.5,2,2,,,,,,,,2,,,,,,,,,,,,,,,,,,,,,,,,,
cad406637751b8f42867b61e451783ec,,4,2,3,,3.5,2.5,3,2,2.5,3,2,3,3,2.5,,3,,,,,,,,,,,,,2.5,,,,,,,,,,,,
cb712006218906fd91d78dc0e554192e,,4,2.5,2,,3.5,4,3,3.5,3.5,3,2.5,3.5,3.5,3,,3.5,,,,,,,,,,,,,3,,,,,,,,,,,,
cbb8485a99f5097a9f25a3848f755008,,4,1.5,2.5,,3.5,3.5,2.5,2,2.5,2.5,2.5,2.5,2.5,3,,3.5,,,,,,,,,,,,,2,,,,,,,,,,,,
cc3a21e7e7fd51d293d76b700d901290,,4,3.5,3,,3,2,3,2.5,,,,,,,,3.5,,,,,,,,,,,,,,,,,,,,,,,,,
cd721d2e9323cbb05f69b2dd25b2a5bb,,4,3,3.5,,3.5,3,2.5,2.5,,,,,,,,3.5,,,,,,,,,,,,,,,,,,,,,,,,,
cdeb8f798c756f88ebf550a7320dee94,,4,3.5,3,,3.5,4,4,3,3,2.5,3.5,3,2,3.5,,3.5,,,,,,,,,,,,,3,,,,,,,,,,,,
cdf78b72ba915c0616c55dfeb88135df,,4,1.5,2,,3,4,3.5,3.5,,,,,,,,3,,,,,,,,,,,,,,,,,,,,,,,,,
ceab62fb55efce00fb80c16540a69999,,4,1,1.5,,3,3.5,2.5,2.5,3,1,0,,2.5,2,,2.5,,,,,,,,,,,,,,,,,,,,,,,,,
cedddbfc4da02c8c2e17e7bd343d08c1,,4,2.5,2,,3.5,4,3,4,,,,,,,,3.5,,,,,,,,,,,,,,,,,,,,,,,,,
cefade401cae2bb23ff44a95498c45ba,,4,3.5,3.5,,3.5,4,4,4,,,,,,,,4,,,,,,,,,,,,,,,,,,,,,,,,,
cf8a5c664ffad4a2fdd80c64773e51c8,,4,1.5,,,3,4,3,2.5,,,,,,,,3,,,,,,,,,,,,,,,,,,,,,,,,,
cfc97a31724ea1f87e31b5982a3e527c,4,4,1.5,3.5,,3.5,2,2,3,2,2.5,1.5,3,3,3.5,3,2.5,3.5,4,,,,,3.5,3.5,3.5,3,,3.5,3,3.5,,,,,3,,,,,,
d286038da66e0f33e13d60bbbf0082f1,4,4,3.5,4,,3.5,2.5,2.5,3.5,3.5,3,3.5,3,4,3.5,2.5,4,3,4,,,,,3,4,3,3,,3,3.5,4,,,,,,,,,,,
d2dc8da68d6e5ba7382cdcb8e6d381f7,,4,2.5,3,,3,4,4,4,,,,,,,,4,,,,,,,,,,,,,,,,,,,,,,,,,
d3c21bcbc13db401b6b65e7d720bbe51,,4,1,,,3,4,3.5,2.5,,,,,,,,3,,,,,,,,,,,,,,,,,,,,,,,,,
d4031dadfc0c7db1697607c3f59c44a6,4,4,3.5,4,,4,3.5,3.5,4,3.5,3.5,4,3,3.5,3,3.5,4,3.5,4,,3,3.5,3.5,,4,3.5,,,,2.5,3.5,,,,,3.5,,,,,,
d57ed133503ced1ed076a3a945a3a5b0,,4,2,,,3.5,3.5,3,2.5,,,,,,,,1,,,,,,,,,,,,,,,,,,,,,,,,,
d6e0614c148df405e815f9282e6c0fcf,,4,1.5,,,3,3.5,3.5,3,3,2.5,1.5,3,3,3,,3.5,,,,,,,,,,,,,3,,,,,3.5,,,,,,,
d7f1edbe586f9b607c1a18b04e60310f,4,4,3,2.5,,3.5,2,2,2,2,2.5,2.5,3,3.5,2.5,3.5,4,4,4,,,,,3,3.5,3,2,,3.5,2.5,3.5,,,,,,3,,,,,
d8131aa30a040a65af10d83499af3634,,4,2,,,3.5,3.5,2.5,3.5,1.5,2.5,0,2.5,2,2,,3,,,,,,,,,,,,,1.5,,,,,3.5,,,,,,,
d830c8b65f1e86030733f15c7b8be995,,4,3,3,,3.5,4,3.5,4,,,,,,,,4,,,,,,,,,,,,,,,,,,,,,,,,,
d8bfcbcfbcce746da1c4e1a83bb3952f,,4,3,3.5,,3,3.5,3,3.5,,,,,,,,3.5,,,,,,,,,,,,,,,,,,,,,,,,,
da452a3cc2ed2849bc640478269de47c,,4,2,3.5,,3.5,2.5,3,3,3,2.5,2.5,,3.5,4,,3.5,,,,,,,,,,,,,3,,,,,4,,,,,,,
daa718f2fb82bd800655d54c961cd350,,4,2.5,,,2.5,1.5,1.5,2,3,1.5,0,,3,3,,3,,,,,,,,,,,,,3,,,,,3,,,,,,,
db940f65f75cdf913f9f3ac61269b2b9,,4,2.5,3.5,,3.5,4,3.5,4,,,,,,,,3.5,,,,,,,,,,,,,,,,,,,,,,,,,
dbbfb84bcd3c634545263dee2a4e3576,,4,3.5,2.5,,3.5,2.5,3,2,,,,,,,,3.5,,,,,,,,,,,,,,,,,,,,,,,,,
dc0134cb27d951eb280deb4ab8be5e07,4,2.5,2.5,2,,3,2.5,3,2.5,2.5,2,3,2.5,3.5,2.5,2.5,3,2.5,3.5,,,,,2.5,1.5,1,2.5,,2.5,3,3,,,4,,,2.5,,,,,
de9973d3148d5bc506bc9d4b69a980a1,,4,3,3.5,,3.5,3.5,4,4,3.5,3.5,3,3,4,3.5,,3.5,,,,,,,,,,,,,3.5,,,,,,,,,,,,
e0ba22d2ffdf0716659402a19285e224,,4,2,,,3.5,4,2.5,3.5,3.5,2,1,,2.5,3,,3,,,,,,,,,,,,,2,,,,,,,,,,,,
e213ee60bfd9d7ffeaa36a32f4196ad3,,4,2,1.5,,3,4,3,3.5,,,,,,,,3.5,,,,,,,,,,,,,,,,,,,,,,,,,
e329684c1acc8491b4f6ef7527479718,4,4,1.5,2,,3,2,1.5,2,4,1,0,3,4,2,1.5,1.5,3,3,,2.5,2,,,,,,,,4,3.5,,,,,,,,,,,
e43f900679d24de963ef47d063f0e01b,4,4,2,2,,3.5,2,2.5,3,2,2.5,2.5,3.5,3.5,3,3,1.5,3,4,,3,3.5,4,,3,4,,,,3.5,3.5,,,,,4,,,,,,
e5b13cd16185e6643ef968584b90faf1,4,4,3,2,,3.5,3,3,2.5,2.5,3,3,2,2.5,2.5,2,3.5,3.5,3.5,,,,,2.5,3,3,3,,3.5,3.5,3,,,,,3,,,,,,
e697bb28b12b0f7d121257c63fa71637,,4,1,,,3,3,3.5,3,,,,,,,,2,,,,,,,,,,,,,,,,,,,,,,,,,
e7c099afa8f547f056828bcf5aa3779e,,4,2.5,2,,4,4,3.5,4,3,2,2.5,3,3,3.5,,2.5,,,,,,,,,,,,,2.5,,,,,,,,,,,,
e83d051b69b7b9e3ab8d4c40e674f32f,,4,3,3.5,,4,4,4,3.5,3.5,2.5,3.5,3,2.5,3,,3.5,,,,,,,,,,,,,3.5,,,,,,,,,,,,
e888d9d103d13440d16e11609eecd447,,4,3.5,,,3.5,4,3.5,3,,,,,,,,3.5,,,,,,,,,,,,,,,,,,,,,,,,,
ea2c475fa875cffcb2fe89f614da7d2f,,4,1.5,2.5,,3.5,2.5,2,3,3.5,2,1,,3.5,2.5,,3,,,,,,,,,,,,,3.5,,,,,,,,,,,,
ea3069733251752fa24e430e3d73ec94,4,4,1.5,2.5,,3.5,2.5,1.5,2,3.5,2,1,2,2.5,2.5,2.5,2.5,3,3,,,2.5,2.5,,,,2,3.5,3.5,2,2.5,,,,,,,,,,4,
ed466433d38baf01295b7d1ed74cf8c3,,3.5,3.5,2,,3.5,4,2.5,3,,,,,,,,2,,,,,,,,,,,,,,,,,,,,,,,,,
edb4fcfee78505d0c48f338ad2caa1cd,,4,2,2,,3.5,2.5,2,3,2,2.5,2,3,2,2.5,,2.5,,,,,,,,,,,,,2.5,,,,,,,,,,,,
ee23044e57782609ac441d8f66fba96d,4,4,2,2.5,,3,3.5,2,3,3,2.5,2,3,3,3,2,2.5,3,3.5,,,,,3,3.5,3.5,2.5,,3.5,2.5,2.5,,,,,,3,,,,,
ee78b81016a91b7328588073788ff328,,4,2,2.5,,3.5,3,2.5,3,2.5,3,1.5,2,2.5,3,,2.5,,,,,,,,,,,,,2.5,,,,,,,,,,,,
ef0959dc6fb28d5a9ab906adb73e5bf3,,4,1,,,3,2,4,4,3.5,2.5,0,,1.5,2,,2,,,,,,,,,,,,,2,,,,,,,,,,,,
ef7b398ee4af365f26887b43928ee029,,4,2,2,,3,4,2,3,,,,,,,,3.5,,,,,,,,,,,,,,,,,,,,,,,,,
f11625172b8c17383a8f58ef259dab49,4,4,4,3,,4,3,3,4,3.5,4,3,3.5,3.5,4,4,4,3.5,4,,,,,3,4,3,3,,3,3,3.5,,,,,,3.5,,,,,
f1897be137c1342811f9007fbf100416,4,4,2,2,,3.5,3.5,1.5,2.5,3.5,3,2.5,3.5,3.5,3.5,3.5,3.5,3,3.5,,,,,3.5,3.5,3.5,2,,3,3.5,3.5,,,,,,,,,,,
f18a50ac97380670e9366b2bb133295c,,4,1,,,2.5,3.5,2.5,3.5,,,,,,,,2.5,,,,,,,,,,,,,,,,,,,,,,,,,
f248a945b61d1231b2753de19a35dcf2,,4,2.5,2,,3.5,4,2.5,2.5,,,,,,,,3,,,,,,,,,,,,,,,,,,,,,,,,,
f2507d8bb6ac0587841540d0f640975a,,4,1.5,,,3,3.5,3,3,,,,,,,,2,,,,,,,,,,,,,,,,,,,,,,,,,
f2d6ed8e82b09d20ffff6ccc6babaa93,,4,2,2,,3.5,3.5,3,3.5,4,2.5,1,,2.5,2.5,,3,,,,,,,,,,,,,2.5,,,,,3.5,,,,,,,
f2f74ec18ace3d226804cd56da849471,,4,3,2.5,,3,4,2.5,3,,,,,,,,4,,,,,,,,,,,,,,,,,,,,,,,,,
f31df81d081367bb50462e95405acd57,4,2.5,1,1.5,,2,3.5,1,1.5,1.5,1.5,1,2.5,2.5,2,2,1,2,3.5,3.5,,,4,3.5,1,1.5,,,,2,2.5,3,3.5,,,,2.5,,,,,
f379e4cf5f600e24d557898bafb33413,,4,2,1.5,,3.5,2.5,3,2.5,3.5,2,1,,2.5,3,,2.5,,,,,,,,,,,,,2.5,,,,,,,,,,,,
f4bd774cc98a94edb0cd3e59cd27ceb8,4,4,2,2,,4,4,3.5,3.5,3,3.5,3.5,2.5,3,2.5,2.5,4,3.5,3,,3.5,4,,3,1.5,3.5,,,3.5,3,3,,,,,,,,,,,
f582b8d84beaef2a5698990002f1a019,,4,2.5,3.5,,4,4,3.5,4,3,3,2.5,3,3.5,3,,3.5,,,,,,,,,,,,,3.5,,,,,,,,,,,,
f622ab37a57d79f3e4204507631a1038,,4,1.5,1,,3,1.5,3.5,4,,,,,,,,2,,,,,,,,,,,,,,,,,,,,,,,,,
f6d35cccd1a0db34e7880d5fc95281c9,,4,1,1.5,,3.5,1.5,2.5,3,3,2.5,1,,3.5,2,,2.5,,,,,,,,,,,,,2,,,,,3.5,,,,,,,
f70e6a29523a9865b523c3466e11bb7c,,4,2.5,2.5,,3.5,4,3.5,4,,,,,,,,4,,,,,,,,,,,,,,,,,,,,,,,,,
f74507850f2049302766cfc35352a0ab,,4,3.5,3,,3.5,3.5,3,3,2,3,1,3,3,3,,3,,,,,,,,,,,,,3,,,,,,,,,,,,
f7c9a824538fcd766b452fefeb8d4b54,,4,2.5,2.5,,3,4,2.5,2,,,,,,,,3,,,,,,,,,,,,,,,,,,,,,,,,,
f82b6b675a623d1fc266c6aca1668318,,4,1.5,2,,3,4,2.5,2,,,,,,,,2.5,,,,,,,,,,,,,,,,,,,,,,,,,
f8603f1da7a35e80e043bfd2783be840,4,4,2.5,2.5,,4,4,2,3,3,4,3.5,3,4,3,2.5,3,3,4,,,,,3.5,3.5,3.5,3,,2.5,3,3.5,,,,,3,,,,,,
fc173363127302ff92bca05ef3736556,,4,3,3,,4,4,2.5,3.5,4,3,4,3,3.5,4,,3.5,,,,,,,,,,,,,4,,,,,,,,,,,,
fceb2e58f42ec458bdef7a40cf0e315e,,4,3,3,,3,4,2.5,4,,,,,,,,4,,,,,,,,,,,,,,,,,,,,,,,,,
fd61513453b3c4ee3b5ca27d100ff32f,,4,3.5,4,,3.5,4,3,4,,,,,,,,3.5,,,,,,,,,,,,,,,,,,,,,,,,,
fe38534f82b88c58b9acc94cd2280246,4,4,4,4,,4,3,3.5,4,4,4,4,3.5,4,3,3.5,4,3,3.5,,,,,3.5,4,3,3.5,,3.5,3,3,,,,,,4,,,,,
